{
  "extends": "solhint:recommended",
  "plugins": ["prettier"],
  "rules": {
    "code-complexity": ["error", 7],
    "compiler-version": ["error", "^0.8.0"],
    "const-name-snakecase": "error",
    "constructor-syntax": "error",
    "func-visibility": ["error", { "ignoreConstructors": true }],
    "max-line-length": ["error", 120],
    "not-rely-on-time": "off",
    "prettier/prettier": "error",
    "reason-string": ["warn", { "maxLength": 50 }],
    "constructor-syntax": "error",
    "payable-fallback": "error",
    "no-empty-blocks": "error",
    "no-unused-vars": "error",
    "avoid-low-level-calls": "warn",
    "avoid-sha3": "warn",
    "avoid-suicide": "error",
    "avoid-throw": "error",
    "avoid-tx-origin": "warn",
    "check-send-result": "error",
    "func-name-mixedcase": "error",
    "func-order": "warn",
    "func-param-name-mixedcase": "error",
    "func-visibility": "error",
    "imports-on-top": "error",
    "modifier-name-mixedcase": "error",
    "multiple-sends": "warn",
    "no-complex-fallback": "error",
    "no-inline-assembly": "off",
    "no-simple-event-func-name": "warn",
    "not-rely-on-block-hash": "warn",
    "ordering": "warn",
    "quotes": ["error", "double"],
    "semicolon": ["error", "always"],
    "two-lines-top-level": "error",
    "var-name-mixedcase": "error",
    "visibility-modifier-order": "error",
    "bracket-align": "error",
    "expression-indent": "error",
    "statement-indent": "error",
    "indent": ["error", 4],
    "no-mix-tabs-and-spaces": "error",
    "space-after-comma": "error",
    "no-spaces-before-semicolon": "error",
    "func-named-parameters": "off",
    "gas-custom-errors": "error",
    "custom-errors": "error",
    "named-parameters-mapping": "warn",
    "no-global-import": "error",
    "one-contract-per-file": "error",
    "separate-by-one-line-in-contract": "error",
    "use-forbidden-name": "error",
    "comprehensive-interface": "warn",
    "no-empty-blocks": "error",
    "payable-fallback": "error",
    "explicit-types": ["error", "always"],
    "immutable-vars-naming": ["error", { "immutablesAsConstants": false }],
    "private-vars-leading-underscore": ["error", { "strict": false }],
    "func-param-name-mixedcase": "error",
    "modifier-name-mixedcase": "error",
    "event-name-camelcase": "error",
    "var-name-mixedcase": "error",
    "const-name-snakecase": "error",
    "contract-name-camelcase": "error",
    "use-forbidden-name": "error"
  },
  "env": {
    "browser": false,
    "es6": true,
    "grader": false,
    "mocha": true,
    "node": true
  },
  "globals": {
    "artifacts": false,
    "contract": false,
    "assert": false,
    "web3": false,
    "before": false,
    "beforeEach": false,
    "after": false,
    "afterEach": false,
    "describe": false,
    "it": false,
    "xit": false
  },
  "overrides": [
    {
      "files": ["**/*.sol"],
      "rules": {
        "compiler-version": ["error", "^0.8.19"],
        "func-visibility": ["error", { "ignoreConstructors": true }],
        "max-line-length": ["error", 120],
        "no-console": "off",
        "avoid-low-level-calls": "warn"
      }
    },
    {
      "files": ["contracts/interfaces/**/*.sol"],
      "rules": {
        "no-empty-blocks": "off",
        "func-order": "off"
      }
    },
    {
      "files": ["contracts/libraries/**/*.sol"],
      "rules": {
        "func-visibility": "off"
      }
    },
    {
      "files": ["contracts/mocks/**/*.sol", "contracts/test/**/*.sol"],
      "rules": {
        "func-visibility": "off",
        "const-name-snakecase": "off",
        "var-name-mixedcase": "off",
        "avoid-low-level-calls": "off",
        "no-inline-assembly": "off",
        "not-rely-on-time": "off",
        "avoid-tx-origin": "off"
      }
    }
  ]
}
